658697	32877	199	ensembl
658697	45865	222	ensembl
658697	17641	317	ensembl
658697	935	60	ensembl
658697	51368	221	ensembl
658697	18398	205	ensembl
658697	29304	219	ensembl
658697	34049	225	ensembl
658697	47288	211	ensembl
658697	10171	293	ensembl
658697	2991	138	ensembl
658697	309	224	ensembl
658697	19405	109	ensembl
658697	5022	249	ensembl
658697	39858	197	ensembl
658697	32864	197	ensembl
658697	27583	321	ensembl
658697	22778	208	ensembl
658697	41481	208	ensembl
658697	44277	200	ensembl
658697	28206	201	ensembl
658697	37781	204	ensembl
658697	29227	197	ensembl
658697	36504	201	ensembl
658697	34220	321	ensembl
658697	44943	216	ensembl
658697	75160	198	ensembl
658697	41444	200	ensembl
658697	78333	198	ensembl
658697	31960	216	ensembl
658697	34058	204	ensembl
658685	20148	200	ensembl
658685	29299	197	ensembl
658685	26182	153	ensembl
658685	42135	222	ensembl
658685	40078	201	ensembl
658685	15431	216	ensembl
658685	27274	207	ensembl
658685	36454	225	ensembl
658685	25515	219	ensembl
658685	27412	321	ensembl
658685	17240	338	ensembl
658685	1429	60	ensembl
658685	2940	60	ensembl
658685	46049	361	ensembl
658685	50132	198	ensembl
658685	42987	208	ensembl
658685	77165	198	ensembl
658685	28289	361	ensembl
658685	15919	361	ensembl
658685	37762	208	ensembl
658685	42204	361	ensembl
658685	45536	361	ensembl
658731	35442	221	ensembl
658731	42326	216	ensembl
658731	23090	222	ensembl
658731	59821	361	ensembl
658731	45121	200	ensembl
658731	28975	204	ensembl
658731	30318	199	ensembl
658731	37438	201	ensembl
658731	33131	197	ensembl
658731	23407	321	ensembl
658731	33180	48	ensembl
658731	21343	422	ensembl
658731	6252	452	ensembl
658731	9962	449	ensembl
658731	2368	435	ensembl
658731	21961	394	ensembl
658731	577	138	ensembl
658731	2340	445	ensembl
658731	17992	109	ensembl
658731	30179	237	ensembl
658731	80809	240	ensembl
658731	20444	124	ensembl
658731	10620	323	ensembl
658731	8919	186	ensembl
658731	16668	238	ensembl
658731	24595	289	ensembl
658731	21541	383	ensembl
658731	5291	457	ensembl
658731	1571	333	ensembl
658731	4347	288	ensembl
658731	13224	302	ensembl
658731	4245	429	ensembl
658731	49401	211	ensembl
658731	648	397	ensembl
658731	9812	327	ensembl
658731	19945	33	ensembl
658731	13658	303	ensembl
658731	5400	396	ensembl
658731	2577	416	ensembl
658731	12832	292	ensembl
658731	28874	149	ensembl
658731	6516	209	ensembl
658731	13177	209	ensembl
658731	26	60	ensembl
658731	27	60	ensembl
658731	1477	60	ensembl
658731	1478	60	ensembl
658731	1583	60	ensembl
658731	1586	60	ensembl
658731	1569	60	ensembl
658731	389	60	ensembl
658731	18	60	ensembl
658731	83257	198	ensembl
658731	28818	317	ensembl
658731	83047	198	ensembl
658731	28832	317	ensembl
658731	26708	225	ensembl
658731	7494	225	ensembl
658731	3719	225	ensembl
658731	33340	225	ensembl
658731	12066	319	ensembl
658731	814	319	ensembl
658731	30137	284	ensembl
658731	38247	135	ensembl
658731	9716	286	ensembl
658731	18294	147	ensembl
658731	63383	135	ensembl
658731	14003	147	ensembl
658731	10824	286	ensembl
658731	25028	293	ensembl
658731	52867	135	ensembl
658731	25044	293	ensembl
658731	15610	284	ensembl
658731	9899	293	ensembl
658731	2649	284	ensembl
658731	584	98	ensembl
658731	332	98	ensembl
658732	30659	209	ensembl
658732	32238	208	ensembl
658732	81558	198	ensembl
658732	2816	317	ensembl
658732	42499	216	ensembl
658732	39985	204	ensembl
658732	25994	321	ensembl
658732	25633	207	ensembl
658732	25732	219	ensembl
658732	34711	205	ensembl
658732	4513	335	ensembl
658732	54377	307	ensembl
658732	2226	147	ensembl
658732	9044	397	ensembl
658732	11278	80	ensembl
658732	12620	124	ensembl
658732	17709	206	ensembl
658732	3011	302	ensembl
658732	27664	217	ensembl
658732	6228	370	ensembl
658732	160	224	ensembl
658732	19167	286	ensembl
658732	23568	392	ensembl
658732	11691	435	ensembl
658732	20001	422	ensembl
658732	65466	211	ensembl
658732	4279	138	ensembl
658732	85985	240	ensembl
658732	22776	323	ensembl
658732	33271	135	ensembl
658732	14513	187	ensembl
658732	5998	183	ensembl
658732	21154	394	ensembl
658732	34012	237	ensembl
658732	32361	67	ensembl
658732	12081	333	ensembl
658732	1311220	134	ensembl
658732	20153	190	ensembl
658732	9889	191	ensembl
658732	23043	429	ensembl
658732	25463	284	ensembl
658732	20417	416	ensembl
658732	10564	292	ensembl
658732	9215	457	ensembl
658732	11089	303	ensembl
658732	18808	325	ensembl
658732	20094	319	ensembl
658732	17581	407	ensembl
658732	4637	327	ensembl
658732	22047	174	ensembl
658732	13101	180	ensembl
658732	1002	293	ensembl
658732	8722	238	ensembl
658732	27625	184	ensembl
658732	14265	188	ensembl
658732	25565	49	ensembl
658732	107413	155	ensembl
658732	29843	324	ensembl
658732	7694	289	ensembl
658732	17452	189	ensembl
658732	18140	434	ensembl
658732	21715	452	ensembl
658732	10782	288	ensembl
658732	35339	212	ensembl
658732	15292	181	ensembl
658732	33123	48	ensembl
658732	4936	182	ensembl
658732	18835	449	ensembl
658732	16008	109	ensembl
658732	1942	445	ensembl
658732	15809	193	ensembl
658732	224	118	ensembl
658732	19175	108	ensembl
658732	32031	213	ensembl
658732	22876	396	ensembl
658732	14008	186	ensembl
658732	17606	85	ensembl
658732	12617	387	ensembl
658732	9141	334	ensembl
658732	4036	33	ensembl
658732	16489	203	ensembl
658732	3320	331	ensembl
658732	25820	421	ensembl
658732	9260	356	ensembl
658732	229	121	ensembl
658732	21925	338	ensembl
658732	9495	91	ensembl
658732	8209	433	ensembl
658732	3365	384	ensembl
658732	15965	368	ensembl
658732	18409	316	ensembl
658732	7385	440	ensembl
658732	2695	393	ensembl
658732	14681	414	ensembl
658732	2834	389	ensembl
658732	12863	423	ensembl
658732	6880	145	ensembl
658732	9683	295	ensembl
658732	6087	112	ensembl
658732	5745	425	ensembl
658732	14482	377	ensembl
658732	5514	375	ensembl
658732	858	296	ensembl
658732	7512	405	ensembl
658732	3548	311	ensembl
658732	13295	298	ensembl
658732	14599	322	ensembl
658732	5325	385	ensembl
658732	22643	332	ensembl
658732	8430	444	ensembl
658732	8663	330	ensembl
658732	3320	305	ensembl
658732	40883	242	ensembl
658732	4352	320	ensembl
658732	8777	446	ensembl
658732	5621	390	ensembl
658732	12739	439	ensembl
658732	688	300	ensembl
658732	19123	304	ensembl
658732	12162	438	ensembl
658732	19467	399	ensembl
658732	6828	453	ensembl
658732	9099	451	ensembl
658732	12450	312	ensembl
658732	3963	318	ensembl
658732	16813	432	ensembl
658732	16813	409	ensembl
658732	1937	418	ensembl
658732	10157	301	ensembl
658732	4790	419	ensembl
658732	15896	241	ensembl
658732	5745	111	ensembl
658732	27098	291	ensembl
658732	17132	442	ensembl
658732	5286	329	ensembl
658732	5358	404	ensembl
658732	10058	136	ensembl
658732	8660	417	ensembl
658732	23126	294	ensembl
658732	9707	408	ensembl
658732	11208	373	ensembl
658732	19003	328	ensembl
658732	35376	362	ensembl
658732	1102	441	ensembl
658732	16793	129	ensembl
658732	14339	343	ensembl
658732	25971	431	ensembl
658732	59462	274	ensembl
658732	15790	65	ensembl
658732	35530	270	ensembl
658732	5490	355	ensembl
658732	2312	365	ensembl
658732	9013	254	ensembl
658732	29648	411	ensembl
658732	15603	262	ensembl
658732	10678	246	ensembl
658732	2659	249	ensembl
658732	68433	152	ensembl
658732	2302	258	ensembl
658732	11249	413	ensembl
658732	11584	282	ensembl
658732	48912	245	ensembl
658732	67	263	ensembl
658732	4238	276	ensembl
658732	28464	243	ensembl
658732	32116	255	ensembl
658732	29632	424	ensembl
658732	67798	236	ensembl
658732	15986	400	ensembl
658732	15550	281	ensembl
658732	22237	277	ensembl
658732	7241	371	ensembl
658732	20221	257	ensembl
658732	45427	253	ensembl
658732	6399	260	ensembl
658732	12733	278	ensembl
658732	17655	450	ensembl
658732	20713	244	ensembl
658732	1923	349	ensembl
658732	48540	283	ensembl
658732	23070	259	ensembl
658732	3982	378	ensembl
658732	18177	402	ensembl
658732	24677	341	ensembl
658732	21172	406	ensembl
658732	47846	271	ensembl
658732	9573	261	ensembl
658732	38618	386	ensembl
658732	5141	360	ensembl
658732	8215	148	ensembl
658732	16070	126	ensembl
658732	22035	367	ensembl
658732	23841	430	ensembl
658732	23	395	ensembl
658732	19021	437	ensembl
658732	20824	398	ensembl
658732	20461	364	ensembl
658732	7000	357	ensembl
658732	7052	264	ensembl
658732	5894	428	ensembl
658732	18779	273	ensembl
658732	5265	340	ensembl
658732	6786	353	ensembl
658732	11922	279	ensembl
658732	23105	269	ensembl
658732	42540	251	ensembl
658732	15400	420	ensembl
658732	20533	339	ensembl
658732	11926	36	ensembl
658732	26374	410	ensembl
658732	18122	250	ensembl
658732	99648	268	ensembl
658732	26077	381	ensembl
658732	21157	247	ensembl
658732	26903	454	ensembl
658732	19556	436	ensembl
658732	12752	248	ensembl
658732	30752	403	ensembl
658732	24985	120	ensembl
658732	10405	239	ensembl
658732	10316	221	ensembl
658732	45804	221	ensembl
658732	45857	222	ensembl
658732	23187	153	ensembl
658732	41488	200	ensembl
658732	30131	201	ensembl
658732	25125	153	ensembl
658732	29907	201	ensembl
658732	26414	361	ensembl
658732	39558	200	ensembl
658732	17008	361	ensembl
658732	40333	222	ensembl
658732	26417	225	ensembl
658732	35228	225	ensembl
658732	22052	383	ensembl
658732	6432	383	ensembl
658732	550	98	ensembl
658732	5772	98	ensembl
658732	609	98	ensembl
658732	8541	149	ensembl
658732	13605	149	ensembl
658732	35138	197	ensembl
658732	35246	197	ensembl
658732	4524	380	ensembl
658732	789	380	ensembl
658732	11726	297	ensembl
658732	11728	297	ensembl
658732	5352	297	ensembl
658732	56654	427	ensembl
658732	26883	256	ensembl
658732	16931	388	ensembl
658732	81655	374	ensembl
658732	7849	374	ensembl
658732	14886	415	ensembl
658732	5636	415	ensembl
658732	5281	427	ensembl
658732	38144	412	ensembl
658732	42959	388	ensembl
658732	16428	412	ensembl
658732	26904	256	ensembl
658732	66116	427	ensembl
658733	40770	209	ensembl
658733	39167	210	ensembl
658733	47843	221	ensembl
658733	406	60	ensembl
658733	32624	199	ensembl
658733	32745	216	ensembl
658733	5817	204	ensembl
658733	23191	153	ensembl
658733	40740	200	ensembl
658733	17059	361	ensembl
658733	81912	198	ensembl
658733	34204	197	ensembl
658733	28780	208	ensembl
658733	32403	201	ensembl
658733	2881	317	ensembl
658733	34358	205	ensembl
658733	32010	207	ensembl
658733	34686	219	ensembl
658733	29	225	ensembl
658733	13191	206	ensembl
658733	17029	203	ensembl
658733	12616	124	ensembl
658733	2891	302	ensembl
658733	18138	48	ensembl
658733	9087	457	ensembl
658733	13057	180	ensembl
658733	11097	303	ensembl
658733	6508	183	ensembl
658733	25283	184	ensembl
658733	16154	193	ensembl
658733	4615	327	ensembl
658733	1311270	134	ensembl
658733	13845	189	ensembl
658733	16071	181	ensembl
658733	31417	212	ensembl
658733	19417	190	ensembl
658733	12309	182	ensembl
658733	7104	187	ensembl
658733	25106	217	ensembl
658733	18795	325	ensembl
658733	12311	186	ensembl
658733	11182	191	ensembl
658733	17416	188	ensembl
658733	20146	319	ensembl
658733	29837	324	ensembl
658733	122387	155	ensembl
658733	36383	174	ensembl
658733	32438	67	ensembl
658733	3432	179	ensembl
658733	664	213	ensembl
658733	9188	334	ensembl
658733	12045	333	ensembl
658733	23036	429	ensembl
658733	1991	445	ensembl
658733	11268	80	ensembl
658733	4519	335	ensembl
658733	32319	237	ensembl
658733	54310	307	ensembl
658733	22850	396	ensembl
658733	1028	293	ensembl
658733	2230	147	ensembl
658733	15766	109	ensembl
658733	18039	434	ensembl
658733	85689	240	ensembl
658733	11499	435	ensembl
658733	19156	286	ensembl
658733	25599	49	ensembl
658733	23328	392	ensembl
658733	10530	292	ensembl
658733	199	118	ensembl
658733	17183	85	ensembl
658733	20006	422	ensembl
658733	10784	288	ensembl
658733	25429	284	ensembl
658733	12562	387	ensembl
658733	33331	135	ensembl
658733	21938	224	ensembl
658733	6241	370	ensembl
658733	21723	452	ensembl
658733	6363	383	ensembl
658733	65442	211	ensembl
658733	20329	416	ensembl
658733	4272	138	ensembl
658733	17648	407	ensembl
658733	7518	289	ensembl
658733	19761	238	ensembl
658733	22761	323	ensembl
658733	18744	449	ensembl
658733	21166	394	ensembl
658733	19413	55	ensembl
658733	13628	149	ensembl
658733	5735	98	ensembl
658733	12341	79	ensembl
658733	2232	108	ensembl
658733	4039	33	ensembl
658733	20627	338	ensembl
658733	3721	91	ensembl
658733	22322	326	ensembl
658733	25806	421	ensembl
658733	7739	308	ensembl
658733	10155	301	ensembl
658733	2715	393	ensembl
658733	8689	330	ensembl
658733	19102	304	ensembl
658733	14601	322	ensembl
658733	14899	294	ensembl
658733	7476	440	ensembl
658733	9095	451	ensembl
658733	938	296	ensembl
658733	9714	408	ensembl
658733	5267	329	ensembl
658733	11210	373	ensembl
658733	81	314	ensembl
658733	3379	384	ensembl
658733	19502	399	ensembl
658733	11747	297	ensembl
658733	12479	439	ensembl
658733	2000	309	ensembl
658733	1988	418	ensembl
658733	13311	298	ensembl
658733	12095	438	ensembl
658733	2770	389	ensembl
658733	12452	312	ensembl
658733	15945	368	ensembl
658733	9297	417	ensembl
658733	6273	369	ensembl
658733	5546	375	ensembl
658733	5697	111	ensembl
658733	7519	455	ensembl
658733	6887	145	ensembl
658733	12897	423	ensembl
658733	22312	315	ensembl
658733	14456	377	ensembl
658733	16685	409	ensembl
658733	5680	425	ensembl
658733	494	300	ensembl
658733	3772	318	ensembl
658733	17100	442	ensembl
658733	7546	405	ensembl
658733	27108	291	ensembl
658733	8515	446	ensembl
658733	1308	331	ensembl
658733	6902	453	ensembl
658733	3507	311	ensembl
658733	22645	332	ensembl
658733	15969	241	ensembl
658733	8198	433	ensembl
658733	132	448	ensembl
658733	5580	390	ensembl
658733	12403	136	ensembl
658733	5311	404	ensembl
658733	4365	320	ensembl
658733	23008	305	ensembl
658733	5323	385	ensembl
658733	40907	242	ensembl
658733	8509	444	ensembl
658733	14675	414	ensembl
658733	19001	328	ensembl
658733	12479	313	ensembl
658733	6089	112	ensembl
658733	9607	295	ensembl
658733	18411	316	ensembl
658733	16457	432	ensembl
658733	466	402	ensembl
658733	17358	259	ensembl
658733	17433	129	ensembl
658733	3730	148	ensembl
658733	35415	362	ensembl
658733	11617	263	ensembl
658733	3837	367	ensembl
658733	913	441	ensembl
658733	16927	36	ensembl
658733	21392	364	ensembl
658733	19470	257	ensembl
658733	4240	65	ensembl
658733	9429	281	ensembl
658733	100552	268	ensembl
658733	5077	343	ensembl
658733	2284	239	ensembl
658733	13481	397	ensembl
658733	2754	397	ensembl
658733	825	447	ensembl
658733	13510	380	ensembl
658733	821	447	ensembl
658733	95	380	ensembl
658733	14358	261	ensembl
658733	18393	400	ensembl
658733	45804	267	ensembl
658733	36844	424	ensembl
658733	15923	412	ensembl
658733	21182	431	ensembl
658733	9100	254	ensembl
658733	8660	273	ensembl
658733	14150	410	ensembl
658733	6272	454	ensembl
658733	24895	378	ensembl
658733	19689	437	ensembl
658733	16901	357	ensembl
658733	15717	248	ensembl
658733	695	420	ensembl
658733	10153	246	ensembl
658733	24164	251	ensembl
658733	1192	454	ensembl
658733	5066	260	ensembl
658733	19817	406	ensembl
658733	33615	411	ensembl
658733	43645	253	ensembl
658733	20377	353	ensembl
658733	43960	253	ensembl
658733	7917	395	ensembl
658733	31979	428	ensembl
658733	6208	398	ensembl
658733	9074	450	ensembl
658733	3530	247	ensembl
658733	48971	245	ensembl
658733	11846	246	ensembl
658733	46	262	ensembl
658733	20946	424	ensembl
658733	5318	400	ensembl
658733	22723	244	ensembl
658733	6141	413	ensembl
658733	20972	427	ensembl
658733	24846	256	ensembl
658733	14097	406	ensembl
658733	3827	264	ensembl
658733	17979	278	ensembl
658733	3605	360	ensembl
658733	15678	250	ensembl
658733	33569	428	ensembl
658733	18417	261	ensembl
658733	18881	277	ensembl
658733	22591	248	ensembl
658733	68871	152	ensembl
658733	62044	152	ensembl
658733	4955	412	ensembl
658733	24733	415	ensembl
658733	27011	267	ensembl
658733	23408	256	ensembl
658733	38393	424	ensembl
658733	36651	267	ensembl
658733	20798	388	ensembl
658733	20521	413	ensembl
658733	4637	374	ensembl
658733	7758	415	ensembl
658733	9556	349	ensembl
658733	20010	247	ensembl
658733	18754	410	ensembl
658733	95141	236	ensembl
658733	13031	272	ensembl
658733	10594	282	ensembl
658733	9341	262	ensembl
658733	19104	388	ensembl
658733	40207	271	ensembl
658733	46621	339	ensembl
658733	8388	378	ensembl
658733	36776	255	ensembl
658733	36319	386	ensembl
658733	16880	341	ensembl
658733	32373	274	ensembl
658733	20541	430	ensembl
658733	9555	340	ensembl
658733	16420	403	ensembl
658733	19617	249	ensembl
658733	11133	431	ensembl
658733	28260	255	ensembl
658733	19605	360	ensembl
658733	5530	272	ensembl
658733	25062	251	ensembl
658733	21163	355	ensembl
658733	44057	427	ensembl
658733	18050	355	ensembl
658733	1489	365	ensembl
658733	8381	254	ensembl
658733	20987	395	ensembl
658733	25416	430	ensembl
658733	10645	386	ensembl
658733	8674	273	ensembl
658733	4000	353	ensembl
658733	24862	436	ensembl
658733	43531	428	ensembl
658733	22114	436	ensembl
658733	25729	454	ensembl
658733	17067	349	ensembl
658733	63755	427	ensembl
658733	19766	269	ensembl
658733	35635	243	ensembl
658733	1962	276	ensembl
658733	6297	279	ensembl
658733	48497	243	ensembl
658733	1683	398	ensembl
658733	11352	276	ensembl
658733	26934	365	ensembl
658733	30110	245	ensembl
658733	6253	381	ensembl
658733	15774	244	ensembl
658733	65015	283	ensembl
658733	35484	386	ensembl
658733	21097	420	ensembl
658733	48757	412	ensembl
658733	13153	282	ensembl
658733	30187	427	ensembl
658733	80012	374	ensembl
658733	43823	274	ensembl
658733	41579	339	ensembl
658733	22487	279	ensembl
658733	66491	283	ensembl
658733	8946	258	ensembl
658733	7442	250	ensembl
658733	20255	340	ensembl
658733	9344	349	ensembl
658733	7163	249	ensembl
658733	25258	411	ensembl
658733	21721	371	ensembl
658733	11537	260	ensembl
658733	7257	341	ensembl
658733	42946	339	ensembl
658733	21595	450	ensembl
658733	21533	371	ensembl
658733	6372	250	ensembl
658733	16155	437	ensembl
658733	13518	264	ensembl
658733	9834	374	ensembl
658733	7991	126	ensembl
658733	1876	357	ensembl
658733	46435	270	ensembl
658733	16727	277	ensembl
658733	41018	411	ensembl
658733	15487	126	ensembl
658733	12345	278	ensembl
658733	12917	403	ensembl
658733	41919	271	ensembl
658733	78322	236	ensembl
658733	7149	258	ensembl
658733	3992	388	ensembl
658733	20268	381	ensembl
658733	24905	270	ensembl
658733	16205	269	ensembl
658681	44019	221	ensembl
658681	4701	221	ensembl
658681	50366	221	ensembl
658681	42313	221	ensembl
658681	50615	221	ensembl
658681	1626	60	ensembl
658682	1626	60	ensembl
658682	52286	221	ensembl
658682	44953	221	ensembl
658724	35442	221	ensembl
658724	42326	216	ensembl
658724	23090	222	ensembl
658724	59821	361	ensembl
658724	45121	200	ensembl
658724	28975	204	ensembl
658724	30318	199	ensembl
658724	37438	201	ensembl
658724	33131	197	ensembl
658724	23407	321	ensembl
658724	33180	48	ensembl
658724	21343	422	ensembl
658724	6252	452	ensembl
658724	9962	449	ensembl
658724	2368	435	ensembl
658724	21961	394	ensembl
658724	577	138	ensembl
658724	2340	445	ensembl
658724	17992	109	ensembl
658724	30179	237	ensembl
658724	80809	240	ensembl
658724	20444	124	ensembl
658724	10620	323	ensembl
658724	8919	186	ensembl
658724	16668	238	ensembl
658724	24595	289	ensembl
658724	21541	383	ensembl
658724	5291	457	ensembl
658724	1571	333	ensembl
658724	4347	288	ensembl
658724	13224	302	ensembl
658724	4245	429	ensembl
658724	49401	211	ensembl
658724	648	397	ensembl
658724	9812	327	ensembl
658724	19945	33	ensembl
658724	13658	303	ensembl
658724	5400	396	ensembl
658724	2577	416	ensembl
658724	12832	292	ensembl
658724	28874	149	ensembl
658724	6516	209	ensembl
658724	13177	209	ensembl
658724	26	60	ensembl
658724	27	60	ensembl
658724	1477	60	ensembl
658724	1478	60	ensembl
658724	1583	60	ensembl
658724	1586	60	ensembl
658724	1569	60	ensembl
658724	389	60	ensembl
658724	18	60	ensembl
658724	83257	198	ensembl
658724	28818	317	ensembl
658724	83047	198	ensembl
658724	28832	317	ensembl
658724	26708	225	ensembl
658724	7494	225	ensembl
658724	3719	225	ensembl
658724	33340	225	ensembl
658724	12066	319	ensembl
658724	814	319	ensembl
658724	30137	284	ensembl
658724	38247	135	ensembl
658724	9716	286	ensembl
658724	18294	147	ensembl
658724	63383	135	ensembl
658724	14003	147	ensembl
658724	10824	286	ensembl
658724	25028	293	ensembl
658724	52867	135	ensembl
658724	25044	293	ensembl
658724	15610	284	ensembl
658724	9899	293	ensembl
658724	2649	284	ensembl
658724	584	98	ensembl
658724	332	98	ensembl
658679	1507	60	ensembl
658679	37256	199	ensembl
658679	47396	361	ensembl
658679	30947	153	ensembl
658679	14902	208	ensembl
658679	15986	197	ensembl
658679	35371	200	ensembl
658679	5804	317	ensembl
658679	80521	198	ensembl
658679	36885	204	ensembl
658679	30902	222	ensembl
658679	10864	216	ensembl
658679	29443	201	ensembl
658679	23935	321	ensembl
658679	36220	225	ensembl
658679	34878	205	ensembl
658679	29362	207	ensembl
658679	28852	219	ensembl
658679	18982	217	ensembl
658679	16646	206	ensembl
658679	20864	302	ensembl
658679	3792	124	ensembl
658679	12465	203	ensembl
658679	345	179	ensembl
658679	34641	67	ensembl
658679	14442	186	ensembl
658679	12643	319	ensembl
658679	9657	188	ensembl
658679	23283	184	ensembl
658679	1320860	134	ensembl
658679	120698	155	ensembl
658679	13318	180	ensembl
658679	17005	191	ensembl
658679	8990	189	ensembl
658679	11659	187	ensembl
658679	14700	182	ensembl
658679	15302	193	ensembl
658679	15231	181	ensembl
658679	21268	190	ensembl
658679	20414	212	ensembl
658679	8265	174	ensembl
658679	15332	213	ensembl
658679	2358	334	ensembl
658679	15282	325	ensembl
658679	17680	327	ensembl
658679	14053	303	ensembl
658679	15303	324	ensembl
658679	23590	457	ensembl
658679	10683	286	ensembl
658679	9853	238	ensembl
658679	11370	284	ensembl
658679	4420	109	ensembl
658679	12778	288	ensembl
658679	23465	224	ensembl
658679	29841	237	ensembl
658679	16091	387	ensembl
658679	16419	323	ensembl
658679	49190	135	ensembl
658679	78788	240	ensembl
658679	14487	147	ensembl
658679	2605	445	ensembl
658679	15889	138	ensembl
658679	28688	49	ensembl
658679	10704	118	ensembl
658679	9547	293	ensembl
658679	13361	396	ensembl
658679	22986	435	ensembl
658679	11871	434	ensembl
658679	7020	392	ensembl
658679	18504	292	ensembl
658679	58128	211	ensembl
658679	5731	422	ensembl
658679	18475	383	ensembl
658679	23559	335	ensembl
658679	2685	370	ensembl
658679	3782	429	ensembl
658679	4666	397	ensembl
658679	19160	449	ensembl
658679	13974	407	ensembl
658679	18972	416	ensembl
658679	4754	452	ensembl
658679	21517	394	ensembl
658679	13744	98	ensembl
658679	8859	79	ensembl
658679	16094	183	ensembl
658679	22981	149	ensembl
658679	15183	338	ensembl
658679	10899	91	ensembl
658679	11662	326	ensembl
658679	30434	356	ensembl
658679	783	421	ensembl
658679	20944	297	ensembl
658679	17646	390	ensembl
658679	13690	145	ensembl
658679	14340	298	ensembl
658679	4292	316	ensembl
658679	25562	294	ensembl
658679	14697	377	ensembl
658679	16986	329	ensembl
658679	14692	385	ensembl
658679	11937	332	ensembl
658679	10995	368	ensembl
658679	1968	440	ensembl
658679	14733	393	ensembl
658679	13614	418	ensembl
658679	13305	448	ensembl
658679	14151	380	ensembl
658679	13998	312	ensembl
658679	14381	389	ensembl
658679	8892	295	ensembl
658679	3787	433	ensembl
658679	4193	112	ensembl
658679	7983	136	ensembl
658679	15021	299	ensembl
658679	12143	318	ensembl
658679	1017	330	ensembl
658679	16474	439	ensembl
658679	7046	369	ensembl
658679	2659	446	ensembl
658679	5316	320	ensembl
658679	21262	399	ensembl
658679	12886	417	ensembl
658679	14271	309	ensembl
658679	13586	308	ensembl
658679	5516	322	ensembl
658679	21060	291	ensembl
658679	17975	409	ensembl
658679	12138	423	ensembl
658679	7173	455	ensembl
658679	5324	447	ensembl
658679	12696	331	ensembl
658679	10667	425	ensembl
658679	17551	304	ensembl
658679	2937	328	ensembl
658679	2483	419	ensembl
658679	9799	453	ensembl
658679	17141	438	ensembl
658679	14325	311	ensembl
658679	6229	296	ensembl
658679	38750	242	ensembl
658679	13306	300	ensembl
658679	12345	414	ensembl
658679	16271	442	ensembl
658679	20568	315	ensembl
658679	11722	405	ensembl
658679	17294	313	ensembl
658679	6217	111	ensembl
658679	16170	314	ensembl
658679	1787	451	ensembl
658679	14708	404	ensembl
658679	23099	305	ensembl
658679	13778	384	ensembl
658679	16309	408	ensembl
658679	18489	432	ensembl
658679	8050	444	ensembl
658679	6141	373	ensembl
658679	38396	362	ensembl
658679	18353	441	ensembl
658679	2494	386	ensembl
658679	3284	277	ensembl
658679	3996	65	ensembl
658679	5571	430	ensembl
658679	69960	283	ensembl
658679	39982	245	ensembl
658679	20490	364	ensembl
658679	15264	406	ensembl
658679	53358	274	ensembl
658679	12389	260	ensembl
658679	3495	276	ensembl
658679	7494	257	ensembl
658679	24081	264	ensembl
658679	9938	365	ensembl
658679	10138	254	ensembl
658679	9619	437	ensembl
658679	8441	129	ensembl
658679	6369	340	ensembl
658679	869	259	ensembl
658679	1103	420	ensembl
658679	6824	378	ensembl
658679	264	353	ensembl
658679	6801	261	ensembl
658679	66475	236	ensembl
658679	21287	256	ensembl
658679	365	272	ensembl
658679	38600	424	ensembl
658679	14567	126	ensembl
658679	17091	450	ensembl
658679	12415	246	ensembl
658679	11549	403	ensembl
658679	6537	367	ensembl
658679	11997	349	ensembl
658679	23998	402	ensembl
658679	27315	355	ensembl
658679	21514	273	ensembl
658679	147	371	ensembl
658679	16729	278	ensembl
658679	29682	251	ensembl
658679	2981	148	ensembl
658679	21415	262	ensembl
658679	42142	243	ensembl
658679	18733	244	ensembl
658679	7335	263	ensembl
658679	79108	268	ensembl
658679	38661	267	ensembl
658679	17494	431	ensembl
658679	18900	36	ensembl
658679	8988	398	ensembl
658679	404	360	ensembl
658679	21441	249	ensembl
658679	8997	400	ensembl
658679	11580	250	ensembl
658679	17289	410	ensembl
658679	7015	428	ensembl
658679	35676	255	ensembl
658679	33471	271	ensembl
658679	38116	253	ensembl
658679	26074	411	ensembl
658679	1472	258	ensembl
658679	349	357	ensembl
658679	21538	248	ensembl
658679	66498	152	ensembl
658679	9976	343	ensembl
658679	15108	333	ensembl
658679	18190	333	ensembl
658679	10563	375	ensembl
658679	5002	241	ensembl
658679	17911	301	ensembl
658679	5915	375	ensembl
658679	17910	301	ensembl
658679	4996	241	ensembl
658679	5687	374	ensembl
658679	17836	247	ensembl
658679	42941	412	ensembl
658679	175	381	ensembl
658679	3305	388	ensembl
658679	59409	374	ensembl
658679	413	436	ensembl
658679	12217	282	ensembl
658679	437	436	ensembl
658679	17913	247	ensembl
658679	18382	247	ensembl
658679	18177	247	ensembl
658679	6039	374	ensembl
658679	17976	247	ensembl
658679	23437	341	ensembl
658679	2079	279	ensembl
658679	500	374	ensembl
658679	13421	381	ensembl
658679	3148	395	ensembl
658679	205	381	ensembl
658679	43680	270	ensembl
658679	12207	282	ensembl
658679	16561	279	ensembl
658679	16551	341	ensembl
658679	18024	247	ensembl
658679	23816	395	ensembl
658679	17706	247	ensembl
658679	37412	454	ensembl
658679	13416	381	ensembl
658679	42492	339	ensembl
658679	2156	341	ensembl
658679	18418	247	ensembl
658679	18407	247	ensembl
658679	41913	270	ensembl
658679	17751	247	ensembl
658679	12307	282	ensembl
658679	13922	415	ensembl
658679	11634	339	ensembl
658679	24535	415	ensembl
658679	63443	427	ensembl
658679	18349	247	ensembl
658679	17868	247	ensembl
658679	5118	412	ensembl
658679	56198	427	ensembl
658679	41619	454	ensembl
658679	8928	339	ensembl
658679	12628	388	ensembl
658679	12257	282	ensembl
658701	997	60	ensembl
658701	901	60	ensembl
658701	1023	60	ensembl
658689	34575	199	ensembl
658689	36389	199	ensembl
658689	38078	221	ensembl
658689	19772	221	ensembl
658689	19769	210	ensembl
658689	43174	210	ensembl
658689	41497	221	ensembl
658689	50668	221	ensembl
658689	47772	237	ensembl
658689	6588	238	ensembl
658689	25635	237	ensembl
658689	3121	387	ensembl
658689	6566	238	ensembl
658689	3197	416	ensembl
658689	3312	387	ensembl
658689	19646	416	ensembl
658689	20572	407	ensembl
658689	27899	222	ensembl
658689	7180	284	ensembl
658689	16073	324	ensembl
658689	6953	193	ensembl
658689	16056	179	ensembl
658689	16125	49	ensembl
658689	36724	184	ensembl
658689	12349	33	ensembl
658689	6418	183	ensembl
658689	17309	98	ensembl
658689	6437	149	ensembl
658689	15488	79	ensembl
658689	4331	180	ensembl
658689	772	78	ensembl
658689	29213	108	ensembl
658689	20625	188	ensembl
658689	3996	434	ensembl
658689	19952	67	ensembl
658689	21765	326	ensembl
658689	7509	91	ensembl
658689	14517	356	ensembl
658689	6002	338	ensembl
658689	5886	121	ensembl
658689	21359	421	ensembl
658689	6511	404	ensembl
658689	9676	296	ensembl
658689	32185	242	ensembl
658689	12283	308	ensembl
658689	8583	405	ensembl
658689	7391	112	ensembl
658689	4342	418	ensembl
658689	12416	390	ensembl
658689	15575	453	ensembl
658689	8628	332	ensembl
658689	11714	320	ensembl
658689	19023	297	ensembl
658689	17228	330	ensembl
658689	3135	304	ensembl
658689	2193	380	ensembl
658689	13377	432	ensembl
658689	5808	455	ensembl
658689	11796	384	ensembl
658689	11382	299	ensembl
658689	13181	448	ensembl
658689	3913	301	ensembl
658689	3861	373	ensembl
658689	17327	241	ensembl
658689	1331	440	ensembl
658689	7499	433	ensembl
658689	4396	393	ensembl
658689	15730	447	ensembl
658689	17971	136	ensembl
658689	12683	300	ensembl
658689	9210	291	ensembl
658689	11579	438	ensembl
658689	11255	145	ensembl
658689	8636	309	ensembl
658689	15285	318	ensembl
658689	25011	294	ensembl
658689	8837	316	ensembl
658689	7131	322	ensembl
658689	12422	446	ensembl
658689	14149	111	ensembl
658689	3409	399	ensembl
658689	18056	313	ensembl
658689	9170	409	ensembl
658689	8417	389	ensembl
658689	3083	375	ensembl
658689	6723	451	ensembl
658689	577	369	ensembl
658689	9502	328	ensembl
658689	8350	419	ensembl
658689	725	331	ensembl
658689	1678	417	ensembl
658689	13413	368	ensembl
658689	11346	414	ensembl
658689	18571	314	ensembl
658689	14583	298	ensembl
658689	2492	385	ensembl
658689	15653	439	ensembl
658689	4918	312	ensembl
658689	8562	295	ensembl
658689	4061	377	ensembl
658689	3219	315	ensembl
658689	2664	444	ensembl
658689	6548	423	ensembl
658689	17341	408	ensembl
658689	11816	305	ensembl
658689	20051	311	ensembl
658689	7108	425	ensembl
658689	9822	329	ensembl
658689	1817	441	ensembl
658689	33437	362	ensembl
658689	10660	129	ensembl
658689	14053	239	ensembl
658689	22282	244	ensembl
658689	4007	262	ensembl
658689	101033	268	ensembl
658689	36996	251	ensembl
658689	1465	259	ensembl
658689	13854	254	ensembl
658689	45935	267	ensembl
658689	27064	248	ensembl
658689	16551	437	ensembl
658689	2855	355	ensembl
658689	61414	152	ensembl
658689	22715	257	ensembl
658689	27312	430	ensembl
658689	35380	256	ensembl
658689	96	272	ensembl
658689	13868	148	ensembl
658689	35041	271	ensembl
658689	12405	260	ensembl
658689	24190	278	ensembl
658689	20637	436	ensembl
658689	5840	258	ensembl
658689	25018	245	ensembl
658689	729	406	ensembl
658689	1207	249	ensembl
658689	13818	450	ensembl
658689	60008	283	ensembl
658689	13293	279	ensembl
658689	8096	403	ensembl
658689	6379	395	ensembl
658689	15949	250	ensembl
658689	867	126	ensembl
658689	36308	253	ensembl
658689	17465	353	ensembl
658689	80252	236	ensembl
658689	31373	243	ensembl
658689	9299	349	ensembl
658689	19272	269	ensembl
658689	7548	261	ensembl
658689	8473	410	ensembl
658689	7607	367	ensembl
658689	24167	431	ensembl
658689	9798	65	ensembl
658689	3293	378	ensembl
658689	17917	420	ensembl
658689	14391	343	ensembl
658689	2634	340	ensembl
658689	10413	247	ensembl
658689	18885	277	ensembl
658689	5311	281	ensembl
658689	18275	365	ensembl
658689	37448	255	ensembl
658689	50959	274	ensembl
658689	11841	400	ensembl
658689	43019	270	ensembl
658689	8687	357	ensembl
658689	17465	381	ensembl
658689	16887	36	ensembl
658689	24447	371	ensembl
658689	6805	264	ensembl
658689	4925	402	ensembl
658689	18496	263	ensembl
658689	1212	276	ensembl
658689	1843	364	ensembl
658689	1102	398	ensembl
658689	11388	413	ensembl
658689	15208	273	ensembl
658689	2485	246	ensembl
658689	2960	282	ensembl
658689	2431	84	ensembl
658689	10946	84	ensembl
658689	23713	217	ensembl
658689	17356	217	ensembl
658689	7875	442	ensembl
658689	7844	442	ensembl
658689	20683	411	ensembl
658689	39074	386	ensembl
658689	56467	374	ensembl
658689	26050	454	ensembl
658689	6413	424	ensembl
658689	780	411	ensembl
658689	6295	341	ensembl
658689	32687	412	ensembl
658689	36105	415	ensembl
658689	26469	374	ensembl
658689	18291	388	ensembl
658689	20610	386	ensembl
658689	17304	339	ensembl
658689	52087	339	ensembl
658689	15563	454	ensembl
658689	31063	415	ensembl
658689	17683	341	ensembl
658689	8535	428	ensembl
658689	17341	427	ensembl
658689	49792	427	ensembl
658689	50810	388	ensembl
658689	16942	428	ensembl
658689	47253	412	ensembl
658689	1545	424	ensembl
658702	6586	60	ensembl
658702	86613	198	ensembl
658702	855	317	ensembl
658702	33446	200	ensembl
658702	19817	197	ensembl
658702	10507	219	ensembl
658702	25338	205	ensembl
658702	14386	217	ensembl
658702	9893	124	ensembl
658702	21500	206	ensembl
658702	26555	203	ensembl
658702	19998	302	ensembl
658702	2207	182	ensembl
658702	35790	184	ensembl
658702	3075	186	ensembl
658702	1329178	134	ensembl
658702	18693	189	ensembl
658702	30511	324	ensembl
658702	8191	333	ensembl
658702	7550	319	ensembl
658702	17893	457	ensembl
658702	9583	180	ensembl
658702	10920	183	ensembl
658702	19852	325	ensembl
658702	100915	155	ensembl
658702	12400	179	ensembl
658702	15446	181	ensembl
658702	3519	188	ensembl
658702	16783	187	ensembl
658702	18436	190	ensembl
658702	4891	327	ensembl
658702	15358	174	ensembl
658702	30201	213	ensembl
658702	26395	212	ensembl
658702	7728	334	ensembl
658702	6769	303	ensembl
658702	18007	149	ensembl
658702	18431	383	ensembl
658702	98216	240	ensembl
658702	21310	434	ensembl
658702	14665	321	ensembl
658702	21662	207	ensembl
658702	15397	416	ensembl
658702	43687	222	ensembl
658702	7241	85	ensembl
658702	2580	284	ensembl
658702	32318	208	ensembl
658702	455	292	ensembl
658702	6227	289	ensembl
658702	9482	80	ensembl
658702	34414	210	ensembl
658702	33211	67	ensembl
658702	41948	135	ensembl
658702	44103	221	ensembl
658702	40351	199	ensembl
658702	4661	216	ensembl
658702	41638	204	ensembl
658702	3196	429	ensembl
658702	24052	323	ensembl
658702	13524	387	ensembl
658702	20956	407	ensembl
658702	20867	288	ensembl
658702	66653	211	ensembl
658702	8734	396	ensembl
658702	19692	209	ensembl
658702	8509	225	ensembl
658702	2207	109	ensembl
658702	15767	201	ensembl
658702	29699	361	ensembl
658702	22348	108	ensembl
658702	32181	237	ensembl
658702	2266	286	ensembl
658702	8454	397	ensembl
658702	19224	224	ensembl
658702	4639	452	ensembl
658702	20677	370	ensembl
658702	1912	394	ensembl
658702	19084	445	ensembl
658702	706	147	ensembl
658702	6852	449	ensembl
658702	2573	435	ensembl
658702	11884	338	ensembl
658702	3407	421	ensembl
658702	23383	326	ensembl
658702	2716	121	ensembl
658702	30205	356	ensembl
658702	17384	418	ensembl
658702	7524	444	ensembl
658702	9344	304	ensembl
658702	1472	314	ensembl
658702	36938	242	ensembl
658702	6948	384	ensembl
658702	10707	297	ensembl
658702	1042	373	ensembl
658702	11576	404	ensembl
658702	1448	377	ensembl
658702	12962	112	ensembl
658702	11437	332	ensembl
658702	3415	390	ensembl
658702	9221	442	ensembl
658702	8294	423	ensembl
658702	11624	145	ensembl
658702	13799	331	ensembl
658702	17442	328	ensembl
658702	5625	409	ensembl
658702	5762	448	ensembl
658702	11409	453	ensembl
658702	13127	369	ensembl
658702	10503	308	ensembl
658702	12665	316	ensembl
658702	12133	295	ensembl
658702	1529	438	ensembl
658702	15319	330	ensembl
658702	491	301	ensembl
658702	14212	300	ensembl
658702	2749	313	ensembl
658702	14794	417	ensembl
658702	17153	309	ensembl
658702	4553	296	ensembl
658702	7046	368	ensembl
658702	2671	447	ensembl
658702	5861	311	ensembl
658702	10088	312	ensembl
658702	4675	408	ensembl
658702	9516	298	ensembl
658702	18577	322	ensembl
658702	16022	315	ensembl
658702	3261	318	ensembl
658702	14397	425	ensembl
658702	4127	414	ensembl
658702	4760	399	ensembl
658702	12834	136	ensembl
658702	2656	241	ensembl
658702	15963	432	ensembl
658702	14167	329	ensembl
658702	2494	440	ensembl
658702	16156	111	ensembl
658702	7438	433	ensembl
658702	15069	451	ensembl
658702	11322	389	ensembl
658702	17002	299	ensembl
658702	23826	294	ensembl
658702	3332	419	ensembl
658702	10759	446	ensembl
658702	10306	455	ensembl
658702	5175	393	ensembl
658702	8366	305	ensembl
658702	7388	291	ensembl
658702	8403	343	ensembl
658702	19950	272	ensembl
658702	21826	254	ensembl
658702	7182	264	ensembl
658702	24230	270	ensembl
658702	25379	403	ensembl
658702	5578	406	ensembl
658702	11869	357	ensembl
658702	2281	412	ensembl
658702	23039	437	ensembl
658702	482	436	ensembl
658702	77946	268	ensembl
658702	8601	402	ensembl
658702	36240	243	ensembl
658702	14864	355	ensembl
658702	24009	255	ensembl
658702	9595	282	ensembl
658702	1600	279	ensembl
658702	18096	262	ensembl
658702	13455	349	ensembl
658702	12054	278	ensembl
658702	9263	276	ensembl
658702	58509	283	ensembl
658702	5731	395	ensembl
658702	6910	65	ensembl
658702	24326	244	ensembl
658702	28521	267	ensembl
658702	23295	410	ensembl
658702	19313	247	ensembl
658702	55096	274	ensembl
658702	4796	367	ensembl
658702	18209	378	ensembl
658702	8737	250	ensembl
658702	11129	36	ensembl
658702	20627	281	ensembl
658702	7179	381	ensembl
658702	36667	271	ensembl
658702	2620	249	ensembl
658702	11933	129	ensembl
658702	15540	273	ensembl
658702	17455	261	ensembl
658702	1825	148	ensembl
658702	18002	341	ensembl
658702	1598	258	ensembl
658702	3608	260	ensembl
658702	13104	340	ensembl
658702	27222	424	ensembl
658702	18132	450	ensembl
658702	19633	277	ensembl
658702	2564	248	ensembl
658702	10297	246	ensembl
658702	399	413	ensembl
658702	17110	360	ensembl
658702	4509	126	ensembl
658702	12258	430	ensembl
658702	10615	365	ensembl
658702	7182	398	ensembl
658702	6406	269	ensembl
658702	1791	364	ensembl
658702	35851	253	ensembl
658702	14570	263	ensembl
658702	24641	339	ensembl
658702	44516	251	ensembl
658702	5382	257	ensembl
658702	65927	152	ensembl
658702	21000	371	ensembl
658702	33359	256	ensembl
658702	79964	236	ensembl
658702	12248	428	ensembl
658702	9986	400	ensembl
658702	14339	454	ensembl
658702	2579	259	ensembl
658702	46091	388	ensembl
658702	11405	353	ensembl
658702	36994	245	ensembl
658702	33040	362	ensembl
658702	29272	441	ensembl
658702	27149	120	ensembl
658702	37925	153	ensembl
658702	27490	153	ensembl
658702	12877	191	ensembl
658702	23444	191	ensembl
658702	17262	193	ensembl
658702	12131	193	ensembl
658702	2922	138	ensembl
658702	5657	138	ensembl
658702	5929	422	ensembl
658702	7664	422	ensembl
658702	12417	375	ensembl
658702	596	375	ensembl
658702	50539	427	ensembl
658702	21605	415	ensembl
658702	40438	386	ensembl
658702	40567	386	ensembl
658702	35477	411	ensembl
658702	23673	411	ensembl
658702	13180	427	ensembl
658702	21779	415	ensembl
658684	1626	60	ensembl
658684	52286	221	ensembl
658684	44953	221	ensembl
658706	9993	221	ensembl
658706	7997	209	ensembl
658706	6867	60	ensembl
658706	43431	197	ensembl
658706	28563	222	ensembl
658706	3992	204	ensembl
658706	37812	208	ensembl
658706	11373	216	ensembl
658706	17927	206	ensembl
658706	25876	203	ensembl
658706	27595	210	ensembl
658706	21051	149	ensembl
658706	4012	445	ensembl
658706	4818	292	ensembl
658706	10989	293	ensembl
658706	11712	397	ensembl
658706	20611	452	ensembl
658706	12529	186	ensembl
658706	21678	199	ensembl
658706	11073	297	ensembl
658706	7099	418	ensembl
658706	3169	291	ensembl
658706	2874	294	ensembl
658706	28177	153	ensembl
658706	13727	317	ensembl
658706	28329	201	ensembl
658706	14649	361	ensembl
658706	24507	201	ensembl
658706	15537	317	ensembl
658706	9193	321	ensembl
658706	28277	153	ensembl
658706	9236	321	ensembl
658706	28146	153	ensembl
658706	37468	200	ensembl
658706	14692	361	ensembl
658706	44937	200	ensembl
658706	31509	361	ensembl
658706	12104	389	ensembl
658706	12241	389	ensembl
658707	28252	153	ensembl
658707	15203	204	ensembl
658707	77132	198	ensembl
658707	32757	222	ensembl
658707	33727	199	ensembl
658707	36288	205	ensembl
658707	31663	207	ensembl
658707	21709	324	ensembl
658707	18765	193	ensembl
658707	24255	327	ensembl
658707	12894	292	ensembl
658707	8541	78	ensembl
658707	9414	449	ensembl
658707	11775	397	ensembl
658707	9422	392	ensembl
658707	1450	286	ensembl
658707	4800	335	ensembl
658707	13065	407	ensembl
658707	17791	422	ensembl
658707	1611	445	ensembl
658707	13681	338	ensembl
658707	5883	109	ensembl
658707	17992	238	ensembl
658707	4396	387	ensembl
658707	49337	135	ensembl
658707	6849	138	ensembl
658707	11720	186	ensembl
658707	20548	302	ensembl
658707	11265	284	ensembl
658707	7779	299	ensembl
658707	15946	421	ensembl
658707	626	121	ensembl
658707	17390	416	ensembl
658707	15943	434	ensembl
658707	15872	79	ensembl
658707	43550	237	ensembl
658707	7105	323	ensembl
658707	8820	206	ensembl
658707	44925	415	ensembl
658707	5807	298	ensembl
658707	2372	393	ensembl
658707	3268	448	ensembl
658707	82	318	ensembl
658707	9637	385	ensembl
658707	9816	425	ensembl
658707	4888	112	ensembl
658707	9067	439	ensembl
658707	101	322	ensembl
658707	4318	332	ensembl
658707	5202	369	ensembl
658707	14035	423	ensembl
658707	3293	311	ensembl
658707	35223	242	ensembl
658707	12749	296	ensembl
658707	8908	440	ensembl
658707	10086	375	ensembl
658707	5354	320	ensembl
658707	16041	309	ensembl
658707	7269	405	ensembl
658707	1505	451	ensembl
658707	14250	446	ensembl
658707	13362	399	ensembl
658707	864	295	ensembl
658707	8686	455	ensembl
658707	2693	438	ensembl
658707	4280	414	ensembl
658707	11627	433	ensembl
658707	7570	305	ensembl
658707	9546	313	ensembl
658707	15502	300	ensembl
658707	27477	255	ensembl
658707	14537	249	ensembl
658707	37995	454	ensembl
658707	55490	274	ensembl
658707	14306	428	ensembl
658707	54473	374	ensembl
658707	25961	201	ensembl
658707	31550	197	ensembl
658707	18441	197	ensembl
658707	4776	197	ensembl
658707	33429	200	ensembl
658707	34404	200	ensembl
658707	40015	201	ensembl
658707	8742	225	ensembl
658707	11104	225	ensembl
658707	31788	49	ensembl
658707	17639	49	ensembl
658707	27695	49	ensembl
658707	25696	49	ensembl
658707	20202	49	ensembl
658707	27552	49	ensembl
658707	24674	49	ensembl
658707	19285	49	ensembl
658707	32892	184	ensembl
658707	393	180	ensembl
658707	473	180	ensembl
658707	318	180	ensembl
658707	475	180	ensembl
658707	3483	180	ensembl
658707	42075	184	ensembl
658707	656	181	ensembl
658707	43052	184	ensembl
658707	777	181	ensembl
658707	24639	184	ensembl
658707	3426	180	ensembl
658707	22604	184	ensembl
658707	17198	118	ensembl
658707	2701	457	ensembl
658707	20661	383	ensembl
658707	25397	55	ensembl
658707	21967	149	ensembl
658707	9800	118	ensembl
658707	26393	55	ensembl
658707	29138	55	ensembl
658707	30190	48	ensembl
658707	19787	55	ensembl
658707	1649	118	ensembl
658707	4579	333	ensembl
658707	28499	55	ensembl
658707	19489	48	ensembl
658707	1488	118	ensembl
658707	7089	118	ensembl
658707	17886	149	ensembl
658707	7646	149	ensembl
658707	15615	55	ensembl
658707	19756	370	ensembl
658707	26972	55	ensembl
658707	11063	293	ensembl
658707	3184	457	ensembl
658707	27155	55	ensembl
658707	20302	435	ensembl
658707	21061	149	ensembl
658707	16929	333	ensembl
658707	15234	55	ensembl
658707	23657	55	ensembl
658707	4439	333	ensembl
658707	18743	55	ensembl
658707	17358	149	ensembl
658707	1896	118	ensembl
658707	2762	118	ensembl
658707	18311	435	ensembl
658707	10800	118	ensembl
658707	1496	118	ensembl
658707	5970	118	ensembl
658707	3116	457	ensembl
658707	15138	383	ensembl
658707	11955	149	ensembl
658707	6450	457	ensembl
658707	4515	333	ensembl
658707	21981	149	ensembl
658707	16970	55	ensembl
658707	2856	457	ensembl
658707	9950	118	ensembl
658707	11684	118	ensembl
658707	23420	48	ensembl
658707	4491	333	ensembl
658707	26955	55	ensembl
658707	816	333	ensembl
658707	11333	118	ensembl
658707	8128	118	ensembl
658707	3053	457	ensembl
658707	25845	55	ensembl
658707	10498	149	ensembl
658707	18846	303	ensembl
658707	27160	55	ensembl
658707	33096	48	ensembl
658707	32685	48	ensembl
658707	9883	118	ensembl
658707	12092	149	ensembl
658707	1789	118	ensembl
658707	3082	457	ensembl
658707	20713	55	ensembl
658707	1527	118	ensembl
658707	4624	333	ensembl
658707	31658	48	ensembl
658707	25142	55	ensembl
658707	24348	55	ensembl
658707	9780	118	ensembl
658707	29282	48	ensembl
658707	9955	118	ensembl
658707	25157	55	ensembl
658707	25773	55	ensembl
658707	34813	48	ensembl
658707	4887	98	ensembl
658707	4574	333	ensembl
658707	2764	118	ensembl
658707	15229	55	ensembl
658707	6092	303	ensembl
658707	6660	303	ensembl
658707	4641	333	ensembl
658707	21751	55	ensembl
658707	4701	303	ensembl
658707	9678	118	ensembl
658707	18872	55	ensembl
658707	11071	293	ensembl
658707	14704	333	ensembl
658707	18893	55	ensembl
658707	1541	118	ensembl
658707	17618	55	ensembl
658707	22708	55	ensembl
658707	19830	55	ensembl
658707	13316	149	ensembl
658707	9697	118	ensembl
658707	9752	118	ensembl
658707	24434	55	ensembl
658707	19781	55	ensembl
658707	23267	48	ensembl
658707	25152	55	ensembl
658707	2971	457	ensembl
658707	32403	48	ensembl
658707	11202	118	ensembl
658707	23426	55	ensembl
658707	35415	48	ensembl
658707	1035	118	ensembl
658707	66877	307	ensembl
658707	213	98	ensembl
658707	2873	457	ensembl
658707	17471	55	ensembl
658707	2750	457	ensembl
658707	11206	118	ensembl
658707	35338	48	ensembl
658707	6019	33	ensembl
658707	20358	55	ensembl
658707	19734	370	ensembl
658707	24767	149	ensembl
658707	20203	48	ensembl
658707	32738	48	ensembl
658707	20404	383	ensembl
658707	1847	118	ensembl
658707	31541	48	ensembl
658707	29073	55	ensembl
658707	3778	118	ensembl
658707	11287	118	ensembl
658707	1627	118	ensembl
658707	13406	118	ensembl
658707	11310	118	ensembl
658707	1535	118	ensembl
658707	3789	118	ensembl
658707	2244	118	ensembl
658707	4537	333	ensembl
658707	5080	33	ensembl
658707	21469	149	ensembl
658707	11243	293	ensembl
658707	2717	457	ensembl
658707	1225	118	ensembl
658707	1029	118	ensembl
658707	28591	48	ensembl
658707	14865	55	ensembl
658707	827	333	ensembl
658707	19165	55	ensembl
658707	24838	48	ensembl
658707	1930	118	ensembl
658707	26960	55	ensembl
658707	85	118	ensembl
658707	17246	55	ensembl
658707	51685	307	ensembl
658707	1034	118	ensembl
658707	4121	118	ensembl
658707	22015	55	ensembl
658707	26563	55	ensembl
658707	853	333	ensembl
658707	14646	383	ensembl
658707	4618	333	ensembl
658707	4142	118	ensembl
658707	9847	149	ensembl
658707	11295	293	ensembl
658707	9837	118	ensembl
658707	19294	55	ensembl
658707	28882	55	ensembl
658707	11085	293	ensembl
658707	22014	149	ensembl
658707	2230	118	ensembl
658707	20809	55	ensembl
658707	24854	55	ensembl
658707	19296	55	ensembl
658707	26651	48	ensembl
658707	8159	118	ensembl
658707	7363	303	ensembl
658707	1610	118	ensembl
658707	15795	55	ensembl
658707	23217	48	ensembl
658707	866	333	ensembl
658707	7267	303	ensembl
658707	4885	98	ensembl
658707	4880	98	ensembl
658707	6432	457	ensembl
658707	3028	457	ensembl
658707	8122	118	ensembl
658707	21475	149	ensembl
658707	3196	118	ensembl
658707	6959	301	ensembl
658707	8139	326	ensembl
658707	5525	288	ensembl
658707	9063	301	ensembl
658707	9062	301	ensembl
658707	17534	429	ensembl
658707	1165	396	ensembl
658707	13577	288	ensembl
658707	15734	396	ensembl
658707	919	396	ensembl
658707	9060	301	ensembl
658707	17266	429	ensembl
658707	5412	288	ensembl
658707	25005	288	ensembl
658707	3134	326	ensembl
658707	16029	396	ensembl
658707	5143	326	ensembl
658707	1120	396	ensembl
658707	2747	288	ensembl
658707	934	396	ensembl
658707	3667	326	ensembl
658707	2249	288	ensembl
658707	7895	326	ensembl
658707	4676	329	ensembl
658707	12612	326	ensembl
658707	9061	301	ensembl
658707	6957	301	ensembl
658707	4672	329	ensembl
658707	11531	326	ensembl
658707	20596	409	ensembl
658707	6800	442	ensembl
658707	20907	417	ensembl
658707	22297	409	ensembl
658707	20559	409	ensembl
658707	12413	330	ensembl
658707	12416	330	ensembl
658707	3310	442	ensembl
658707	20592	409	ensembl
658707	20894	417	ensembl
658707	10912	373	ensembl
658707	6986	432	ensembl
658707	5287	419	ensembl
658707	17356	373	ensembl
658707	13347	432	ensembl
658707	17581	328	ensembl
658707	20936	417	ensembl
658707	7268	444	ensembl
658707	6762	442	ensembl
658707	10908	373	ensembl
658707	10599	330	ensembl
658707	20576	409	ensembl
658707	9148	419	ensembl
658707	13823	408	ensembl
658707	9138	308	ensembl
658707	14995	419	ensembl
658707	6775	442	ensembl
658707	17135	432	ensembl
658707	9400	432	ensembl
658707	3988	432	ensembl
658707	6231	442	ensembl
658707	19544	330	ensembl
658707	20602	409	ensembl
658707	17019	432	ensembl
658707	9529	328	ensembl
658707	14993	419	ensembl
658707	14130	444	ensembl
658707	11743	442	ensembl
658707	4153	331	ensembl
658707	10909	373	ensembl
658707	198	328	ensembl
658707	13908	417	ensembl
658707	20607	409	ensembl
658707	20571	409	ensembl
658707	10905	432	ensembl
658707	9688	308	ensembl
658707	12231	432	ensembl
658707	13227	417	ensembl
658707	20643	409	ensembl
658707	10907	373	ensembl
658707	9528	328	ensembl
658707	17971	377	ensembl
658707	3252	331	ensembl
658707	18075	373	ensembl
658707	3295	442	ensembl
658707	14121	417	ensembl
658707	13380	432	ensembl
658707	20903	417	ensembl
658707	10474	442	ensembl
658707	20914	417	ensembl
658707	10953	408	ensembl
658707	13782	432	ensembl
658707	17976	377	ensembl
658707	16895	308	ensembl
658707	938	328	ensembl
658707	20618	409	ensembl
658707	20625	409	ensembl
658707	6377	442	ensembl
658707	20613	409	ensembl
658707	10096	432	ensembl
658707	6807	442	ensembl
658707	48846	427	ensembl
658707	3884	365	ensembl
658707	35071	386	ensembl
658707	28708	339	ensembl
658707	31176	362	ensembl
658707	6587	441	ensembl
658707	6003	441	ensembl
658707	43612	386	ensembl
658707	43630	386	ensembl
658707	40114	427	ensembl
658707	14128	424	ensembl
658707	516	364	ensembl
658707	11163	411	ensembl
658707	31185	362	ensembl
658707	6185	441	ensembl
658707	14024	259	ensembl
658707	31117	362	ensembl
658707	57414	427	ensembl
658707	1701	430	ensembl
658707	49042	427	ensembl
658707	14132	424	ensembl
658707	6527	441	ensembl
658707	31139	362	ensembl
658707	503	364	ensembl
658707	31114	427	ensembl
658707	19431	441	ensembl
658707	81994	236	ensembl
658707	81978	236	ensembl
658707	6491	441	ensembl
658707	6356	441	ensembl
658707	12459	411	ensembl
658707	41716	362	ensembl
658707	6401	441	ensembl
658707	29004	388	ensembl
658707	31193	362	ensembl
658707	19255	355	ensembl
658707	31191	362	ensembl
658707	41709	362	ensembl
658707	31205	362	ensembl
658707	49167	427	ensembl
658707	6434	441	ensembl
658707	6340	441	ensembl
658707	62511	427	ensembl
658707	14981	365	ensembl
658707	31199	362	ensembl
658707	31159	362	ensembl
658707	41730	362	ensembl
658707	31130	362	ensembl
658707	6519	355	ensembl
658707	14834	259	ensembl
658707	6408	355	ensembl
658707	31161	362	ensembl
658707	55334	427	ensembl
658707	48977	427	ensembl
658707	11162	411	ensembl
658707	6541	441	ensembl
658707	6726	355	ensembl
658707	11159	411	ensembl
658707	12115	388	ensembl
658707	41740	362	ensembl
658707	6314	441	ensembl
658707	12116	388	ensembl
658707	27580	430	ensembl
658707	6139	441	ensembl
658707	6030	441	ensembl
658707	6505	441	ensembl
658707	3928	365	ensembl
658707	15050	365	ensembl
658707	5808	339	ensembl
658707	43623	386	ensembl
658707	6567	441	ensembl
658707	41714	362	ensembl
658707	41725	362	ensembl
658707	31154	427	ensembl
658707	31152	362	ensembl
658707	9412	411	ensembl
658707	19229	355	ensembl
658707	19240	355	ensembl
658716	1394	60	ensembl
658718	42185	221	ensembl
658718	40601	209	ensembl
658718	1394	60	ensembl
658720	35515	221	ensembl
658720	44948	221	ensembl
658720	40844	221	ensembl
658720	16631	206	ensembl
658720	10150	302	ensembl
658720	641	124	ensembl
658720	24763	203	ensembl
658720	6293	186	ensembl
658720	3381	179	ensembl
658720	13922	190	ensembl
658720	22046	188	ensembl
658720	17007	189	ensembl
658720	42572	184	ensembl
658720	8032	327	ensembl
658720	6977	180	ensembl
658720	1328896	134	ensembl
658720	17316	325	ensembl
658720	3207	193	ensembl
658720	12992	191	ensembl
658720	124047	155	ensembl
658720	1899	319	ensembl
658720	12280	183	ensembl
658720	7083	212	ensembl
658720	20283	457	ensembl
658720	2550	181	ensembl
658720	2887	174	ensembl
658720	10008	213	ensembl
658720	8744	334	ensembl
658720	6047	208	ensembl
658720	40899	204	ensembl
658720	16665	324	ensembl
658720	38410	199	ensembl
658720	13715	60	ensembl
658720	2153	187	ensembl
658720	33535	205	ensembl
658720	15641	217	ensembl
658720	5528	182	ensembl
658720	1431	333	ensembl
658720	45113	216	ensembl
658720	19999	67	ensembl
658720	15846	416	ensembl
658720	20094	49	ensembl
658720	12536	80	ensembl
658720	21226	387	ensembl
658720	10908	288	ensembl
658720	20857	289	ensembl
658720	26331	435	ensembl
658720	19736	392	ensembl
658720	52214	211	ensembl
658720	49997	135	ensembl
658720	20618	397	ensembl
658720	22468	396	ensembl
658720	5164	383	ensembl
658720	16145	138	ensembl
658720	20582	434	ensembl
658720	3859	118	ensembl
658720	7201	147	ensembl
658720	7545	445	ensembl
658720	42572	237	ensembl
658720	20936	407	ensembl
658720	68310	307	ensembl
658720	21442	224	ensembl
658720	13484	394	ensembl
658720	19532	292	ensembl
658720	23963	323	ensembl
658720	19105	293	ensembl
658720	9356	422	ensembl
658720	16947	370	ensembl
658720	11966	335	ensembl
658720	12522	303	ensembl
658720	20281	286	ensembl
658720	29698	284	ensembl
658720	24355	149	ensembl
658720	2790	98	ensembl
658720	30197	48	ensembl
658720	12086	33	ensembl
658720	20978	338	ensembl
658720	24754	356	ensembl
658720	9030	121	ensembl
658720	17996	326	ensembl
658720	7317	91	ensembl
658720	9694	421	ensembl
658720	24992	301	ensembl
658720	5709	373	ensembl
658720	7973	294	ensembl
658720	17212	291	ensembl
658720	1969	419	ensembl
658720	2649	329	ensembl
658720	6419	241	ensembl
658720	4888	442	ensembl
658720	19541	418	ensembl
658720	23945	409	ensembl
658720	15731	111	ensembl
658720	17792	408	ensembl
658720	17736	269	ensembl
658720	17038	386	ensembl
658720	13406	36	ensembl
658720	2121	239	ensembl
658720	56744	152	ensembl
658720	30465	355	ensembl
658720	29937	253	ensembl
658720	9838	365	ensembl
658720	2111	272	ensembl
658720	1430	413	ensembl
658720	6150	244	ensembl
658720	24775	270	ensembl
658720	16869	381	ensembl
658720	37576	274	ensembl
658720	24199	267	ensembl
658720	13035	378	ensembl
658720	17595	367	ensembl
658720	24702	430	ensembl
658720	5393	339	ensembl
658720	49592	412	ensembl
658720	19565	406	ensembl
658720	24861	436	ensembl
658720	27090	259	ensembl
658720	26158	341	ensembl
658720	576	437	ensembl
658720	7663	403	ensembl
658720	74224	236	ensembl
658720	47671	271	ensembl
658720	9419	450	ensembl
658720	16192	395	ensembl
658720	21392	360	ensembl
658720	92518	268	ensembl
658720	20417	254	ensembl
658720	22896	246	ensembl
658720	39299	428	ensembl
658720	9846	262	ensembl
658720	11660	257	ensembl
658720	14522	276	ensembl
658720	71664	283	ensembl
658720	8845	364	ensembl
658720	32794	245	ensembl
658720	21404	400	ensembl
658720	20313	247	ensembl
658720	426	371	ensembl
658720	12603	410	ensembl
658720	4518	398	ensembl
658720	5569	278	ensembl
658720	11441	424	ensembl
658720	30074	441	ensembl
658720	33456	251	ensembl
658720	6357	282	ensembl
658720	20816	277	ensembl
658720	18413	353	ensembl
658720	12403	260	ensembl
658720	25564	243	ensembl
658720	39737	256	ensembl
658720	26785	261	ensembl
658720	19355	454	ensembl
658720	73065	374	ensembl
658720	11617	249	ensembl
658720	12430	357	ensembl
658720	22258	420	ensembl
658720	14590	148	ensembl
658720	3020	273	ensembl
658720	15000	340	ensembl
658720	17618	263	ensembl
658720	12964	248	ensembl
658720	17433	431	ensembl
658720	31172	362	ensembl
658720	3024	343	ensembl
658720	44052	209	ensembl
658720	39726	209	ensembl
658720	30343	209	ensembl
658720	47196	209	ensembl
658720	1205	108	ensembl
658720	29420	108	ensembl
658720	17515	449	ensembl
658720	21381	449	ensembl
658720	20215	452	ensembl
658720	82252	240	ensembl
658720	20688	429	ensembl
658720	83200	240	ensembl
658720	19601	429	ensembl
658720	22406	452	ensembl
658720	14261	429	ensembl
658720	15692	328	ensembl
658720	15693	328	ensembl
658720	14752	349	ensembl
658720	10879	129	ensembl
658720	14053	349	ensembl
658720	17992	250	ensembl
658720	35628	415	ensembl
658720	41449	411	ensembl
658720	17098	65	ensembl
658720	10025	264	ensembl
658720	28010	415	ensembl
658720	12223	129	ensembl
658720	15424	349	ensembl
658720	28221	255	ensembl
658720	6986	388	ensembl
658720	10041	264	ensembl
658720	7520	427	ensembl
658720	4359	129	ensembl
658720	6960	279	ensembl
658720	6979	279	ensembl
658720	33068	415	ensembl
658720	36140	411	ensembl
658720	16614	65	ensembl
658720	26593	120	ensembl
658720	40584	388	ensembl
658720	26302	120	ensembl
658720	17971	250	ensembl
658720	28214	255	ensembl
658720	29675	120	ensembl
658720	23394	402	ensembl
658720	23726	402	ensembl
658720	47362	427	ensembl
658721	20959	225	ensembl
658721	3236	225	ensembl
658721	42802	197	ensembl
658721	42732	197	ensembl
658721	15972	434	ensembl
658721	9851	432	ensembl
658721	13762	417	ensembl
658721	1518	111	ensembl
658721	4875	329	ensembl
658721	37766	454	ensembl
658721	11266	412	ensembl
658721	45940	424	ensembl
658721	14161	428	ensembl
658721	6771	355	ensembl
658721	39501	374	ensembl
658721	27112	55	ensembl
658721	1030	217	ensembl
658721	7064	118	ensembl
658721	9764	118	ensembl
658721	27369	55	ensembl
658721	4673	98	ensembl
658721	9939	118	ensembl
658721	4100	118	ensembl
658721	14812	55	ensembl
658721	21192	55	ensembl
658721	76	118	ensembl
658721	26516	55	ensembl
658721	21702	55	ensembl
658721	15402	55	ensembl
658721	20927	49	ensembl
658721	3725	118	ensembl
658721	16299	49	ensembl
658721	9855	118	ensembl
658721	21699	55	ensembl
658721	29040	55	ensembl
658721	1677	118	ensembl
658721	19991	55	ensembl
658721	18858	55	ensembl
658721	20957	55	ensembl
658721	4677	98	ensembl
658721	17292	55	ensembl
658721	1723	118	ensembl
658721	9918	118	ensembl
658721	8172	118	ensembl
658721	9923	118	ensembl
658721	17814	217	ensembl
658721	1602	118	ensembl
658721	3785	118	ensembl
658721	15540	55	ensembl
658721	30927	49	ensembl
658721	22981	55	ensembl
658721	9846	118	ensembl
658721	1017	118	ensembl
658721	22971	55	ensembl
658721	8205	118	ensembl
658721	9730	118	ensembl
658721	2055	118	ensembl
658721	13428	118	ensembl
658721	1204	118	ensembl
658721	16008	55	ensembl
658721	21186	49	ensembl
658721	17426	55	ensembl
658721	11217	118	ensembl
658721	24889	55	ensembl
658721	21742	55	ensembl
658721	21693	55	ensembl
658721	16012	55	ensembl
658721	9716	118	ensembl
658721	11164	118	ensembl
658721	16797	55	ensembl
658721	3268	217	ensembl
658721	22625	55	ensembl
658721	1500	118	ensembl
658721	11677	118	ensembl
658721	19324	55	ensembl
658721	20943	118	ensembl
658721	18543	55	ensembl
658721	17190	55	ensembl
658721	17207	55	ensembl
658721	9740	118	ensembl
658721	19339	55	ensembl
658721	1259	136	ensembl
658721	18426	418	ensembl
658721	13435	291	ensembl
658721	4697	136	ensembl
658721	14900	294	ensembl
658721	13453	291	ensembl
658721	13451	291	ensembl
658721	13445	291	ensembl
658721	8350	291	ensembl
658721	7902	404	ensembl
658721	9866	136	ensembl
658721	13433	291	ensembl
658721	11550	291	ensembl
658721	16152	136	ensembl
658721	3455	291	ensembl
658721	8342	291	ensembl
658721	10367	136	ensembl
658721	14812	297	ensembl
658721	10374	136	ensembl
658721	18037	418	ensembl
658721	15549	297	ensembl
658721	15350	136	ensembl
658721	1352	136	ensembl
658721	13466	291	ensembl
658721	14898	294	ensembl
658721	13468	291	ensembl
658721	9619	136	ensembl
658721	9417	418	ensembl
658721	17004	136	ensembl
658721	12321	136	ensembl
658721	13461	291	ensembl
658721	13438	291	ensembl
658721	13442	291	ensembl
658721	4878	404	ensembl
658721	31251	362	ensembl
658721	31249	362	ensembl
658721	755	129	ensembl
658721	240	129	ensembl
658721	737	129	ensembl
658721	187	129	ensembl
658721	984	129	ensembl
658721	50568	388	ensembl
658721	50566	388	ensembl
658722	10380	209	ensembl
658722	20690	201	ensembl
658722	2752	321	ensembl
658722	92767	198	ensembl
658722	28627	222	ensembl
658722	28067	153	ensembl
658722	13427	317	ensembl
658722	14545	361	ensembl
658722	42973	197	ensembl
658722	33671	216	ensembl
658722	41940	204	ensembl
658722	9423	200	ensembl
658722	36310	205	ensembl
658722	38711	199	ensembl
658722	7305	324	ensembl
658722	20689	302	ensembl
658722	3272	334	ensembl
658722	16916	289	ensembl
658722	14126	397	ensembl
658722	11073	297	ensembl
658722	7099	418	ensembl
658722	3169	291	ensembl
658722	2874	294	ensembl
658722	48333	221	ensembl
658722	45782	221	ensembl
658722	8269	225	ensembl
658722	22573	225	ensembl
658722	24031	225	ensembl
658722	27211	217	ensembl
658722	12240	217	ensembl
658722	12251	217	ensembl
658722	24259	327	ensembl
658722	3266	327	ensembl
658722	16906	333	ensembl
658722	4419	333	ensembl
658722	15531	206	ensembl
658722	23344	206	ensembl
658722	31209	207	ensembl
658722	26934	206	ensembl
658722	31207	207	ensembl
658722	24028	206	ensembl
658722	23859	206	ensembl
658722	15464	206	ensembl
658722	31779	207	ensembl
658722	19894	206	ensembl
658722	2823	206	ensembl
658722	24222	207	ensembl
658722	31509	207	ensembl
658722	8607	288	ensembl
658722	2019	288	ensembl
658722	12104	389	ensembl
658722	12241	389	ensembl
658723	42048	209	ensembl
658723	6841	60	ensembl
658723	46206	199	ensembl
658723	16945	324	ensembl
658723	1181	205	ensembl
658723	3454	334	ensembl
658723	32809	210	ensembl
658723	12149	108	ensembl
658723	42654	197	ensembl
658723	23083	203	ensembl
658723	15340	217	ensembl
658723	3216	457	ensembl
658723	13146	407	ensembl
658723	1859	118	ensembl
658723	10537	435	ensembl
658723	11974	149	ensembl
658723	49667	135	ensembl
658723	10484	323	ensembl
658723	30901	237	ensembl
658723	16521	380	ensembl
658723	18628	377	ensembl
658723	12436	389	ensembl
658723	11966	440	ensembl
658723	3368	448	ensembl
658723	6207	455	ensembl
658723	18424	418	ensembl
658723	43834	251	ensembl
658723	35491	221	ensembl
658723	35025	221	ensembl
658723	13439	317	ensembl
658723	5981	317	ensembl
658723	14338	317	ensembl
658723	11029	293	ensembl
658723	343	383	ensembl
658723	20552	383	ensembl
658723	16960	55	ensembl
658723	11037	293	ensembl
658723	16009	55	ensembl
661162	45416	211	ensembl
661162	1500	288	ensembl
661162	1475	288	ensembl
661162	47241	211	ensembl
